{"Subject0": {"5kg_top": {"fps": 30, "emg": 4.241793, "frame": 1.2, "beep": [0.766, 23], "outlier": {"EO": [[522.8, 523.1], [670.8]]}}, "10kg_top": {"fps": 25, "emg": 5.982362, "frame": 2.006, "beep": [1.123, 28], "outlier": {"EO": [[161.5]]}}, "5kg_ground": {"fps": 30, "emg": 5.985621, "frame": 2.8, "beep": [1.333, 40], "outlier": {"FDS": [[120.6, 120.9], [121.1, 121.4], [121.7, 122.0], [122.4, 122.7], [123.1, 123.4], [123.9, 124.2], [124.8, 125.1], [125.8, 126.1], [128.4, 128.7], [129.3, 129.6], [130.3, 130.6], [131.4, 131.7], [132.4, 132.7], [133.5, 133.8], [134.5, 135.1], [135.9, 136.2], [137.0, 137.3], [139.1, 139.4], [141.4, 141.7], [142.7, 143.0]], "ED": [[115, 115.3]], "EO": [[61.3, 61.6], [67.0, 67.3], [69.2, 69.5], [71.5, 71.8], [75.8, 76.1], [77.4, 77.7], [81.9, 82.2], [87.6, 87.9], [90.1, 90.4], [95.0, 95.3], [151.9, 152.2]]}}, "10kg_ground": {"fps": 30, "emg": 6.8175, "frame": 3.3, "beep": [1.233, 37], "outlier": {"UT": [[53.7, 54], [158.3, 158.9], [170, 170.3]], "FDS": [[37.3, 37.6]]}}, "5kg_move": {"fps": 30, "emg": 4.316741, "frame": [1.166, 35], "beep": [0.766, 23], "outlier": null}, "10kg_move": {"fps": 30, "emg": 4.750138, "frame": 1.5, "beep": [0.766, 23], "outlier": {"remove": [[59, 64], [249, 254]]}}}, "Subject1": {"5kg_top": {"fps": 25, "emg": 3.90759, "frame": 0.76, "beep": [0.76, 19], "outlier": {"BF": [[286.1]]}}, "10kg_top": {"fps": 25, "emg": 7.841912, "frame": 4.16, "beep": [4, 100], "outlier": {"FDS": [[47.1, 47.4], [79.9, 80.2]]}}, "5kg_ground": {"fps": 30, "emg": 6.201265, "frame": 2.2, "beep": [0.6, 18], "outlier": {"EO": [[140.5, 140.8]]}}, "10kg_ground": {"fps": 25, "emg": 5, "frame": 2.488, "beep": [0.722, 18], "outlier": null}, "5kg_move": {"fps": 25, "emg": 3.400412, "frame": 1.04, "beep": [0.56, 14], "outlier": null}, "10kg_move": {"fps": 30, "emg": 5.703353, "frame": 3.133, "beep": [2.533, 76], "outlier": null}}, "Subject2": {"5kg_top": {"fps": 25, "emg": 3.819706, "frame": 1.52, "beep": [0.88, 22], "outlier": {"UT": [[33.9, 34.2]], "BB": [[19.4, 19.7], [26.7, 27.0], [31.7, 32.0], [43.3, 43.6], [47.8, 48.4], [79.5, 79.8], [111.5, 111.8], [143.9, 144.2], [151.8, 152.1], [163.6, 163.9], [176.3, 176.6], [183.6, 184.2], [191.7, 192.0], [195.6, 195.9], [199.5, 199.8], [207.6, 207.9], [251.3, 251.6], [259.2, 259.8]]}}, "10kg_top": {"fps": 30, "emg": 3.700588, "frame": 1.233, "beep": [0.966, 29], "outlier": {"BB": [[23.4, 23.7], [154, 154.3]], "VL": [[189.7, 190]], "EO": [[192.4]]}}, "5kg_ground": {"fps": 30, "emg": 5.806588, "frame": 2.8, "beep": [1.5, 45], "outlier": null}, "10kg_ground": {"fps": 30, "emg": 5.588206, "frame": 1.9, "beep": [0.833, 25], "outlier": {"EO": [[6.2, 6.5]]}}, "5kg_move": {"fps": 30, "emg": 4.317618, "frame": 1.566, "beep": [1.2, 36], "outlier": {"BB": [[227.3, 227.6], [377.9, 378.2], [387.7, 388.0], [393.4, 393.7], [407.6, 407.9], [412.3, 412.6], [448.2, 448.5], [452.8, 453.1], [462.4, 462.7], [467.8, 468.1], [512.6, 512.9]]}}, "10kg_move": {"fps": 30, "emg": 3.708529, "frame": 1.166, "beep": [0.666, 20], "outlier": {"EO": [[252.9, 253.2]]}}}, "Subject3": {"5kg_top": {"fps": 30, "emg": 4.500265, "frame": 1.566, "beep": [0.733, 22], "outlier": null}, "10kg_top": {"fps": 30, "emg": 3.722029, "frame": 1.466, "beep": [1.2, 36], "outlier": null}, "5kg_ground": {"fps": 30, "emg": 4.751206, "frame": 1.9, "beep": [0.633, 19], "outlier": {"UT": [[86.8, 87.4]]}}, "10kg_ground": {"fps": 25, "emg": 4.794882, "frame": 2.08, "beep": [0.6, 15], "outlier": {"VL": [[285.6, 285.9]]}}, "5kg_move": {"fps": 25, "emg": 13.47618, "frame": 10.96, "beep": [0.68, 17], "outlier": {"VL": [[778.6, 778.9], [816.8, 871.1]]}}, "10kg_move": {"fps": 25, "emg": 3.106588, "frame": 0.842, "beep": [0.441, 11], "outlier": {"BB": [[170.6, 170.9]], "EO": [[40.1, 40.4], [84.3, 84.6], [86.9, 87.2], [208.5]]}}}, "Subject4": {"5kg_top": {"fps": 25, "emg": 3.194735, "frame": 1.12, "beep": [0.8, 20], "outlier": {"EO": [[215.4, 215.7], [293.7, 294], [788.9, 789.2], [916.4]]}}, "10kg_top": {"fps": 25, "emg": 4.631294, "frame": 1.359, "beep": [0.879, 22], "outlier": {"VL": [[16.1, 16.4], [20.0, 20.3], [36.0, 36.3], [52.3, 52.6], [63.7, 64.0], [75.7, 76.0], [76.4, 76.7], [88.2, 88.5], [92.3, 92.6], [112.2, 112.5], [120.2, 120.5], [132.0, 132.3], [132.6, 132.9], [136.0, 136.3], [156.5, 156.8], [152.7, 153.0], [168.7, 169.0], [176.5, 176.8], [200.7, 201.0], [209.1, 209.4], [225.0, 225.3], [225.5, 225.8]]}}, "5kg_ground": {"fps": 25, "emg": 6.429971, "frame": 2.96, "beep": [0.72, 18], "outlier": {"EO": [[292.8, 293.1], [299.5, 299.8], [316.1, 316.4], [325.9, 326.2], [332.5, 332.8], [338.1, 338.4], [347.4, 347.7], [358.2, 358.5], [365.8, 366.1], [374.7, 375.0], [376.7, 377.0], [380.9, 381.2], [385.7, 386.0], [391.5, 391.8], [395.0, 395.3], [398.5, 398.8], [417.1, 417.4], [428.7, 429.0], [431.7, 432.0], [446.4, 446.7]]}}, "10kg_ground": {"fps": 30, "emg": 5.002147, "frame": 2.033, "beep": [0.8, 24], "outlier": {"FDS": [[4.9, 5.2]], "ED": [[252, 252.3], [354, 354.3]], "EO": [[335, 335.3], [356.1, 356.4]]}}, "5kg_move": {"fps": 30, "emg": 3.795882, "frame": 1.133, "beep": [0.7, 21], "outlier": "too much"}, "10kg_move": {"fps": 30, "emg": 3.339265, "frame": 1.133, "beep": [0.633, 19], "outlier": "too much"}}, "Subject5": {"5kg_top": {"fps": 25, "emg": 2.693647, "frame": 0.48, "beep": [1, 25], "outlier": null}, "10kg_top": {"fps": 25, "emg": 3.163765, "frame": 0.56, "beep": [1.4, 35], "outlier": null}, "5kg_ground": {"fps": 30, "emg": 5.16535, "frame": 1.766, "beep": [0.533, 16], "outlier": null}, "10kg_ground": {"fps": 30, "emg": 4.4, "frame": 1.8, "beep": [0.666, 20], "outlier": null}, "5kg_move": {"fps": 30, "emg": 3.400412, "frame": 1.333, "beep": [1.1, 33], "outlier": null}, "10kg_move": {"fps": 30, "emg": 3.992824, "frame": 1.599, "beep": [1.099, 33], "outlier": {"remove": [[29, 39]]}}}}